lokasi,cuaca,barang_bawaaan
pantai,panas, tikar atau alas yang tahan air
pantai,panas, kacamata hitam & topi; sunblock; tikar atau alas yang tahan air;makanan snack
pantai,panas, kacamata hitam & topi; sunblock
pantai,panas, sunblock; tikar atau alas yang tahan air
pantai,panas,semua peralatan dan makan minum
pantai,panas, kacamata hitam & topi; sunblock; tikar atau alas yang tahan air; peralatan renang & diving
pantai,panas, kacamata hitam & topi; sunblock; tikar atau alas yang tahan air; peralatan renang & diving;baju ganti
pantai,panas, kacamata hitam & topi; sunblock; tikar atau alas yang tahan air
pantai,panas, kacamata hitam & topi; sunblock
pantai,panas, kacamata hitam & topi; sunblock; tikar atau alas yang tahan air
pantai,panas, kacamata hitam & topi; sunblock
pantai,panas, kacamata hitam & topi; sunblock; tikar atau alas yang tahan air; peralatan renang & diving
pantai,panas, kacamata hitam & topi; sunblock; tikar atau alas yang tahan air
pantai,panas, tikar atau alas yang tahan air
pantai,panas, kacamata hitam & topi; sunblock
pantai,panas, kacamata hitam & topi
pantai,panas, kacamata hitam & topi; sunblock; tikar atau alas yang tahan air
pantai,panas, kacamata hitam & topi; sunblock
pantai,panas, kacamata hitam & topi; sunblock; tikar atau alas yang tahan air
pantai,panas, kacamata hitam & topi; sunblock; tikar atau alas yang tahan air
pantai,panas, kacamata hitam & topi; sunblock
pantai,panas, kacamata hitam & topi; sunblock; tikar atau alas yang tahan air; peralatan renang & diving
pantai,panas, kacamata hitam & topi; sunblock; tikar atau alas yang tahan air;makanan ringan dan minuman
pantai,panas, sunblock; tikar atau alas yang tahan air
pantai,panas, kacamata hitam & topi
pantai,panas, sunblock
pantai,panas, kacamata hitam & topi; tikar atau alas yang tahan air; peralatan renang & diving
pantai,panas, kacamata hitam & topi; tikar atau alas yang tahan air; peralatan renang & diving
pantai,panas, kacamata hitam & topi; sunblock; tikar atau alas yang tahan air; peralatan renang & diving
pantai,panas, kacamata hitam & topi; sunblock; peralatan renang & diving
pantai,panas, kacamata hitam & topi; sunblock; peralatan renang & diving
pantai,panas, sunblock
pantai,panas, kacamata hitam & topi
pantai,panas, kacamata hitam & topi; sunblock; tikar atau alas yang tahan air
pantai,panas, kacamata hitam & topi; sunblock
pantai,panas, kacamata hitam & topi; sunblock; peralatan renang & diving
pantai,panas, kacamata hitam & topi; sunblock; tikar atau alas yang tahan air; peralatan renang & diving
pantai,panas, kacamata hitam & topi; sunblock; tikar atau alas yang tahan air; peralatan renang & diving
pantai,panas, kacamata hitam & topi
pantai,panas, kacamata hitam & topi; sunblock; tikar atau alas yang tahan air; peralatan renang & diving
pantai,panas, kacamata hitam & topi; sunblock
pantai,panas,kamera
pantai,panas, kacamata hitam & topi; sunblock; tikar atau alas yang tahan air; peralatan renang & diving
pantai,panas, kacamata hitam & topi
pantai,panas, sunblock
pantai,panas, kacamata hitam & topi; sunblock
pantai,panas, sunblock
pantai,panas, kacamata hitam & topi; sunblock; tikar atau alas yang tahan air
pantai,panas, kacamata hitam & topi; sunblock; tikar atau alas yang tahan air; peralatan renang & diving
pantai,panas, kacamata hitam & topi; sunblock; tikar atau alas yang tahan air; peralatan renang & diving
pantai,panas, kacamata hitam & topi
pantai,panas, sunblock; tikar atau alas yang tahan air; peralatan renang & diving
pantai,panas, tikar atau alas yang tahan air
pantai,panas, kacamata hitam & topi; sunblock; peralatan renang & diving
pantai,panas, kacamata hitam & topi; sunblock; tikar atau alas yang tahan air; peralatan renang & diving
pantai,panas, kacamata hitam & topi
pantai,panas, kacamata hitam & topi; sunblock; tikar atau alas yang tahan air
pantai,panas, kacamata hitam & topi; sunblock
pantai,panas, kacamata hitam & topi; sunblock
pantai,panas, kacamata hitam & topi; sunblock; peralatan renang & diving
pantai,panas, kacamata hitam & topi; sunblock; tikar atau alas yang tahan air; peralatan renang & diving
pantai,panas, tikar atau alas yang tahan air
pantai,panas, kacamata hitam & topi
pantai,panas, sunblock
pantai,panas, kacamata hitam & topi; sunblock; tikar atau alas yang tahan air
pantai,panas, kacamata hitam & topi; sunblock
pantai,panas, kacamata hitam & topi; tikar atau alas yang tahan air
pantai,panas, kacamata hitam & topi; sunblock
pantai,panas, tikar atau alas yang tahan air
pantai,panas, kacamata hitam & topi; sunblock; tikar atau alas yang tahan air; peralatan renang & diving
pantai,panas, sunblock
pantai,panas, sunblock
pantai,panas, kacamata hitam & topi; sunblock; tikar atau alas yang tahan air; peralatan renang & diving
pantai,panas, kacamata hitam & topi; sunblock; peralatan renang & diving
pantai,panas, kacamata hitam & topi; tikar atau alas yang tahan air; peralatan renang & diving
pegunungan,panas,jaket
pegunungan,panas,sepatu mendaki atau sandal gunung mendaki atau sandal gunung;jaket;power bank;obat-obatan;handphone;makanan snack
pegunungan,panas,sepatu mendaki atau sandal gunung mendaki atau sandal gunung;jaket;obat-obatan
pegunungan,panas,jaket;obat-obatan;handphone
pegunungan,panas,jaket;obat-obatan;handphone
pegunungan,panas,sepatu mendaki atau sandal gunung mendaki atau sandal gunung;jaket;power bank;obat-obatan;handphone
pegunungan,panas,sepatu mendaki atau sandal gunung mendaki atau sandal gunung;jaket;power bank;obat-obatan;handphone;sunblock
pegunungan,panas,sepatu mendaki atau sandal gunung mendaki atau sandal gunung;jaket;power bank;obat-obatan;handphone
pegunungan,panas,jaket;obat-obatan;handphone
pegunungan,panas,sepatu mendaki atau sandal gunung mendaki atau sandal gunung;jaket;power bank;obat-obatan;handphone
pegunungan,panas,sepatu mendaki atau sandal gunung mendaki atau sandal gunung;jaket;power bank;obat-obatan;handphone
pegunungan,panas,sepatu mendaki atau sandal gunung mendaki atau sandal gunung;jaket;obat-obatan;handphone
pegunungan,panas,jaket;power bank;obat-obatan;handphone
pegunungan,panas,jaket;handphone
pegunungan,panas,sepatu mendaki atau sandal gunung mendaki atau sandal gunung;jaket;handphone
pegunungan,panas,jaket
pegunungan,panas,sepatu mendaki atau sandal gunung mendaki atau sandal gunung;jaket;power bank;obat-obatan;handphone
pegunungan,panas,jaket;obat-obatan
pegunungan,panas,sepatu mendaki atau sandal gunung mendaki atau sandal gunung;jaket;power bank;obat-obatan;handphone
pegunungan,panas,sepatu mendaki atau sandal gunung mendaki atau sandal gunung;jaket;power bank;handphone
pegunungan,panas,sepatu mendaki atau sandal gunung mendaki atau sandal gunung;jaket;power bank;handphone
pegunungan,panas,sepatu mendaki atau sandal gunung mendaki atau sandal gunung;jaket;power bank;obat-obatan;handphone
pegunungan,panas,jaket;power bank;obat-obatan;handphone
pegunungan,panas,sepatu mendaki atau sandal gunung mendaki atau sandal gunung;jaket;power bank;obat-obatan;handphone
pegunungan,panas,sepatu mendaki atau sandal gunung mendaki atau sandal gunung
pegunungan,panas,jaket
pegunungan,panas,sepatu mendaki atau sandal gunung mendaki atau sandal gunung;jaket;power bank;obat-obatan;handphone
pegunungan,panas,sepatu mendaki atau sandal gunung mendaki atau sandal gunung;jaket
pegunungan,panas,sepatu mendaki atau sandal gunung mendaki atau sandal gunung;jaket;power bank;handphone
pegunungan,panas,sepatu mendaki atau sandal gunung mendaki atau sandal gunung;jaket;handphone
pegunungan,panas,jaket;power bank;obat-obatan
pegunungan,panas,jaket
pegunungan,panas,jaket;power bank;handphone
pegunungan,panas,sepatu mendaki atau sandal gunung mendaki atau sandal gunung;jaket;power bank;obat-obatan;handphone
pegunungan,panas,jaket;power bank;obat-obatan;handphone
pegunungan,panas,sepatu mendaki atau sandal gunung mendaki atau sandal gunung;jaket;power bank;obat-obatan;handphone
pegunungan,panas,sepatu mendaki atau sandal gunung mendaki atau sandal gunung;jaket;power bank;obat-obatan;handphone
pegunungan,panas,jaket;obat-obatan;handphone
pegunungan,panas,sepatu mendaki atau sandal gunung mendaki atau sandal gunung;jaket;power bank;obat-obatan;handphone
pegunungan,panas,sepatu mendaki atau sandal gunung mendaki atau sandal gunung;jaket;power bank;obat-obatan;handphone
pegunungan,panas,sepatu mendaki atau sandal gunung mendaki atau sandal gunung;jaket;obat-obatan;handphone
pegunungan,panas,kamera
pegunungan,panas,sepatu mendaki atau sandal gunung mendaki atau sandal gunung;jaket;power bank;obat-obatan;handphone
pegunungan,panas,power bank
pegunungan,panas,jaket;obat-obatan
pegunungan,panas,jaket;power bank;obat-obatan;handphone
pegunungan,panas,jaket;handphone
pegunungan,panas,sepatu mendaki atau sandal gunung mendaki atau sandal gunung;jaket;power bank;handphone
pegunungan,panas,sepatu mendaki atau sandal gunung mendaki atau sandal gunung;jaket;power bank;obat-obatan;handphone
pegunungan,panas,sepatu mendaki atau sandal gunung mendaki atau sandal gunung;jaket;power bank;obat-obatan;handphone
pegunungan,panas,jaket;power bank;obat-obatan;handphone
pegunungan,panas,sepatu mendaki atau sandal gunung mendaki atau sandal gunung;jaket;power bank;obat-obatan;handphone
pegunungan,panas,jaket
pegunungan,panas,sepatu mendaki atau sandal gunung mendaki atau sandal gunung;jaket;power bank;obat-obatan;handphone
pegunungan,panas,sepatu mendaki atau sandal gunung mendaki atau sandal gunung;jaket;obat-obatan;handphone
pegunungan,panas,sepatu mendaki atau sandal gunung mendaki atau sandal gunung;jaket
pegunungan,panas,jaket;power bank;obat-obatan;handphone
pegunungan,panas,sepatu mendaki atau sandal gunung mendaki atau sandal gunung;jaket;obat-obatan;handphone
pegunungan,panas,sepatu mendaki atau sandal gunung mendaki atau sandal gunung;jaket;power bank;obat-obatan;handphone
pegunungan,panas,sepatu mendaki atau sandal gunung mendaki atau sandal gunung;jaket;handphone
pegunungan,panas,sepatu mendaki atau sandal gunung mendaki atau sandal gunung;jaket;obat-obatan;handphone
pegunungan,panas,sepatu mendaki atau sandal gunung mendaki atau sandal gunung;jaket;power bank;handphone
pegunungan,panas,jaket tebel kalo lembang atau puncak
pegunungan,panas,sepatu mendaki atau sandal gunung mendaki atau sandal gunung;jaket;obat-obatan;handphone
pegunungan,panas,sepatu mendaki atau sandal gunung mendaki atau sandal gunung;jaket;power bank;obat-obatan;handphone
pegunungan,panas,sepatu mendaki atau sandal gunung mendaki atau sandal gunung;jaket;power bank;obat-obatan;handphone
pegunungan,panas,sepatu mendaki atau sandal gunung mendaki atau sandal gunung;jaket;power bank;obat-obatan;handphone
pegunungan,panas,sepatu mendaki atau sandal gunung mendaki atau sandal gunung;jaket;power bank;obat-obatan;handphone
pegunungan,panas,obat-obatan
pegunungan,panas,sepatu mendaki atau sandal gunung mendaki atau sandal gunung;jaket;power bank;handphone
pegunungan,panas,sepatu mendaki atau sandal gunung mendaki atau sandal gunung
pegunungan,panas,jaket
pegunungan,panas,sepatu mendaki atau sandal gunung mendaki atau sandal gunung;jaket;power bank;obat-obatan;handphone
pegunungan,panas,sepatu mendaki atau sandal gunung mendaki atau sandal gunung;jaket;power bank;obat-obatan;handphone
pegunungan,panas,sepatu mendaki atau sandal gunung mendaki atau sandal gunung;jaket;power bank;obat-obatan;handphone
gunung,panas, sleeping bag;matras
gunung,panas,tas gunung; tenda; sleeping bag;matras;sepatu mendaki atau sandal gunung;peralatan memasak dan bahan makanan; perlengkapan darurat
gunung,panas, sleeping bag;peralatan memasak dan bahan makanan; perlengkapan darurat
gunung,panas, sleeping bag;sepatu mendaki atau sandal gunung;peralatan memasak dan bahan makanan; perlengkapan darurat
gunung,panas,tas gunung; tenda; sleeping bag;matras;sepatu mendaki atau sandal gunung;peralatan memasak dan bahan makanan; perlengkapan darurat
gunung,panas,tas gunung; tenda; sleeping bag;matras;sepatu mendaki atau sandal gunung;peralatan memasak dan bahan makanan; perlengkapan darurat
gunung,panas,tas gunung; tenda; sleeping bag;matras;sepatu mendaki atau sandal gunung;peralatan memasak dan bahan makanan; perlengkapan darurat;sunblock
gunung,panas,"tas gunung; tenda; sleeping bag;matras;sepatu mendaki atau sandal gunung;peralatan memasak dan bahan makanan; perlengkapan darurat;pk, hp, pb, plastik sampah"
gunung,panas,tas gunung; tenda; sleeping bag;matras;sepatu mendaki atau sandal gunung;peralatan memasak dan bahan makanan; perlengkapan darurat
gunung,panas,tas gunung; tenda; sleeping bag;matras;sepatu mendaki atau sandal gunung;peralatan memasak dan bahan makanan; perlengkapan darurat
gunung,panas,tas gunung; tenda; sleeping bag;matras;sepatu mendaki atau sandal gunung;peralatan memasak dan bahan makanan
gunung,panas,tas gunung; tenda; sleeping bag;matras;sepatu mendaki atau sandal gunung;peralatan memasak dan bahan makanan; perlengkapan darurat
gunung,panas,tas gunung; tenda; sleeping bag;matras;sepatu mendaki atau sandal gunung;peralatan memasak dan bahan makanan; perlengkapan darurat
gunung,panas,tas gunung; tenda; sleeping bag;matras;sepatu mendaki atau sandal gunung;peralatan memasak dan bahan makanan
gunung,panas,tas gunung; tenda; sleeping bag;matras;sepatu mendaki atau sandal gunung;peralatan memasak dan bahan makanan; perlengkapan darurat
gunung,panas,tas gunung
gunung,panas,tas gunung; tenda; sleeping bag;matras;sepatu mendaki atau sandal gunung;peralatan memasak dan bahan makanan; perlengkapan darurat
gunung,panas, tenda;matras;peralatan memasak dan bahan makanan; perlengkapan darurat
gunung,panas,tas gunung; tenda; sleeping bag;matras;sepatu mendaki atau sandal gunung;peralatan memasak dan bahan makanan; perlengkapan darurat
gunung,panas,tas gunung; tenda; sleeping bag;matras;sepatu mendaki atau sandal gunung;peralatan memasak dan bahan makanan; perlengkapan darurat
gunung,panas,tas gunung; tenda; sleeping bag;matras;sepatu mendaki atau sandal gunung;peralatan memasak dan bahan makanan; perlengkapan darurat
gunung,panas,tas gunung; tenda; sleeping bag;matras;sepatu mendaki atau sandal gunung;peralatan memasak dan bahan makanan; perlengkapan darurat
gunung,panas,tas gunung; tenda; sleeping bag;matras;peralatan memasak dan bahan makanan; perlengkapan darurat
gunung,panas,tas gunung; tenda; sleeping bag;matras;sepatu mendaki atau sandal gunung;peralatan memasak dan bahan makanan; perlengkapan darurat
gunung,panas, perlengkapan darurat
gunung,panas, tenda
gunung,panas,tas gunung; tenda; sleeping bag;matras;sepatu mendaki atau sandal gunung;peralatan memasak dan bahan makanan; perlengkapan darurat
gunung,panas,tas gunung; tenda; sleeping bag;matras;sepatu mendaki atau sandal gunung;peralatan memasak dan bahan makanan; perlengkapan darurat
gunung,panas,tas gunung; tenda; sleeping bag;matras;sepatu mendaki atau sandal gunung;peralatan memasak dan bahan makanan; perlengkapan darurat
gunung,panas,tas gunung; tenda;matras;sepatu mendaki atau sandal gunung;peralatan memasak dan bahan makanan; perlengkapan darurat
gunung,panas,tas gunung; tenda; sleeping bag;matras;sepatu mendaki atau sandal gunung;peralatan memasak dan bahan makanan; perlengkapan darurat
gunung,panas, tenda
gunung,panas,tas gunung; tenda; sleeping bag;matras;sepatu mendaki atau sandal gunung; perlengkapan darurat
gunung,panas,tas gunung; tenda; sleeping bag;matras;sepatu mendaki atau sandal gunung;peralatan memasak dan bahan makanan; perlengkapan darurat
gunung,panas,tas gunung; tenda; sleeping bag;sepatu mendaki atau sandal gunung;peralatan memasak dan bahan makanan; perlengkapan darurat
gunung,panas,tas gunung; tenda; sleeping bag;matras;sepatu mendaki atau sandal gunung;peralatan memasak dan bahan makanan; perlengkapan darurat
gunung,panas,tas gunung; tenda; sleeping bag;matras;sepatu mendaki atau sandal gunung;peralatan memasak dan bahan makanan; perlengkapan darurat
gunung,panas,tas gunung; tenda; sleeping bag;sepatu mendaki atau sandal gunung;peralatan memasak dan bahan makanan; perlengkapan darurat
gunung,panas,tas gunung;sepatu mendaki atau sandal gunung
gunung,panas,tas gunung; tenda; sleeping bag;matras;sepatu mendaki atau sandal gunung;peralatan memasak dan bahan makanan; perlengkapan darurat
gunung,panas,tas gunung; tenda; sleeping bag;matras;sepatu mendaki atau sandal gunung;peralatan memasak dan bahan makanan; perlengkapan darurat;alat penerangan 
gunung,panas, sleeping bag
gunung,panas,tas gunung; tenda; sleeping bag;sepatu mendaki atau sandal gunung;peralatan memasak dan bahan makanan; perlengkapan darurat
gunung,panas,tas gunung; tenda; sleeping bag;matras;sepatu mendaki atau sandal gunung;peralatan memasak dan bahan makanan; perlengkapan darurat
gunung,panas, sleeping bag;peralatan memasak dan bahan makanan; perlengkapan darurat
gunung,panas,tas gunung;matras;sepatu mendaki atau sandal gunung;peralatan memasak dan bahan makanan
gunung,panas,tas gunung; tenda; sleeping bag;matras;sepatu mendaki atau sandal gunung;peralatan memasak dan bahan makanan; perlengkapan darurat
gunung,panas,tas gunung; tenda; sleeping bag;matras;sepatu mendaki atau sandal gunung;peralatan memasak dan bahan makanan; perlengkapan darurat
gunung,panas,tas gunung; tenda; sleeping bag;matras;sepatu mendaki atau sandal gunung;peralatan memasak dan bahan makanan; perlengkapan darurat
gunung,panas,tas gunung; tenda; sleeping bag;matras;sepatu mendaki atau sandal gunung;peralatan memasak dan bahan makanan; perlengkapan darurat
gunung,panas,tas gunung; tenda; sleeping bag;matras;sepatu mendaki atau sandal gunung;peralatan memasak dan bahan makanan; perlengkapan darurat
gunung,panas, tenda; sleeping bag;sepatu mendaki atau sandal gunung;peralatan memasak dan bahan makanan; perlengkapan darurat
gunung,panas, tenda
gunung,panas,tas gunung; tenda; sleeping bag;matras;sepatu mendaki atau sandal gunung;peralatan memasak dan bahan makanan; perlengkapan darurat
gunung,panas,tas gunung; tenda; sleeping bag;peralatan memasak dan bahan makanan; perlengkapan darurat
gunung,panas,tas gunung; tenda; sleeping bag;matras;sepatu mendaki atau sandal gunung;peralatan memasak dan bahan makanan; perlengkapan darurat
gunung,panas, tenda; sleeping bag;matras;peralatan memasak dan bahan makanan; perlengkapan darurat
gunung,panas,tas gunung; tenda; sleeping bag;matras;sepatu mendaki atau sandal gunung;peralatan memasak dan bahan makanan; perlengkapan darurat
gunung,panas,tas gunung; tenda; sleeping bag;matras;sepatu mendaki atau sandal gunung;peralatan memasak dan bahan makanan; perlengkapan darurat
gunung,panas,tas gunung; tenda; sleeping bag;matras;sepatu mendaki atau sandal gunung;peralatan memasak dan bahan makanan
gunung,panas,tas gunung; tenda; sleeping bag;matras;sepatu mendaki atau sandal gunung;peralatan memasak dan bahan makanan; perlengkapan darurat
gunung,panas, tenda; sleeping bag;sepatu mendaki atau sandal gunung;peralatan memasak dan bahan makanan
gunung,panas,tas gunung; tenda; sleeping bag;matras;sepatu mendaki atau sandal gunung;peralatan memasak dan bahan makanan; perlengkapan darurat
gunung,panas,tas gunung; tenda; sleeping bag;matras;sepatu mendaki atau sandal gunung;peralatan memasak dan bahan makanan; perlengkapan darurat
gunung,panas,tas gunung; tenda; sleeping bag;matras;sepatu mendaki atau sandal gunung;peralatan memasak dan bahan makanan; perlengkapan darurat
gunung,panas,tas gunung; tenda; sleeping bag;matras;sepatu mendaki atau sandal gunung;peralatan memasak dan bahan makanan; perlengkapan darurat
gunung,panas,tas gunung; tenda; sleeping bag;matras;sepatu mendaki atau sandal gunung;peralatan memasak dan bahan makanan; perlengkapan darurat
gunung,panas,tas gunung; tenda; sleeping bag;matras;sepatu mendaki atau sandal gunung;peralatan memasak dan bahan makanan; perlengkapan darurat
gunung,panas, tenda
gunung,panas,tas gunung; tenda; sleeping bag;matras;sepatu mendaki atau sandal gunung;peralatan memasak dan bahan makanan; perlengkapan darurat
gunung,panas,peralatan memasak dan bahan makanan
gunung,panas,tas gunung; tenda; sleeping bag;matras;sepatu mendaki atau sandal gunung;peralatan memasak dan bahan makanan; perlengkapan darurat
gunung,panas,tas gunung; tenda; sleeping bag;matras;sepatu mendaki atau sandal gunung;peralatan memasak dan bahan makanan; perlengkapan darurat
gunung,panas,tas gunung; tenda; sleeping bag;matras;sepatu mendaki atau sandal gunung;peralatan memasak dan bahan makanan; perlengkapan darurat
gunung,panas,tas gunung; tenda; sleeping bag;matras;sepatu mendaki atau sandal gunung;peralatan memasak dan bahan makanan
kota,panas,pakaian;perlengkapan sanitasi;obat-obatan
kota,panas,"pakaian;perlengkapan sanitasi;obat-obatan;perangkat elektronik, kamera & charger;uang tunai, kartu atm & kartu kredit"
kota,panas,pakaian;perlengkapan sanitasi;obat-obatan
kota,panas,"pakaian;perangkat elektronik, kamera & charger;uang tunai, kartu atm & kartu kredit"
kota,panas,"pakaian;perlengkapan sanitasi;obat-obatan;perangkat elektronik, kamera & charger;uang tunai, kartu atm & kartu kredit"
kota,panas,"pakaian;perlengkapan sanitasi;obat-obatan;perangkat elektronik, kamera & charger;uang tunai, kartu atm & kartu kredit"
kota,panas,"pakaian;perlengkapan sanitasi;obat-obatan;perangkat elektronik, kamera & charger;uang tunai, kartu atm & kartu kredit"
kota,panas,"pakaian;perlengkapan sanitasi;obat-obatan;perangkat elektronik, kamera & charger;uang tunai, kartu atm & kartu kredit"
kota,panas,"perangkat elektronik, kamera & charger;uang tunai, kartu atm & kartu kredit"
kota,panas,"pakaian;perangkat elektronik, kamera & charger;uang tunai, kartu atm & kartu kredit"
kota,panas,"pakaian;obat-obatan;perangkat elektronik, kamera & charger;uang tunai, kartu atm & kartu kredit"
kota,panas,"pakaian;perangkat elektronik, kamera & charger;uang tunai, kartu atm & kartu kredit"
kota,panas,"pakaian;perlengkapan sanitasi;obat-obatan;perangkat elektronik, kamera & charger;uang tunai, kartu atm & kartu kredit"
kota,panas,"perangkat elektronik, kamera & charger;uang tunai, kartu atm & kartu kredit"
kota,panas,"pakaian;perangkat elektronik, kamera & charger;uang tunai, kartu atm & kartu kredit"
kota,panas,"pakaian;uang tunai, kartu atm & kartu kredit"
kota,panas,"pakaian;perlengkapan sanitasi;obat-obatan;perangkat elektronik, kamera & charger;uang tunai, kartu atm & kartu kredit"
kota,panas,"perangkat elektronik, kamera & charger;uang tunai, kartu atm & kartu kredit"
kota,panas,"pakaian;perangkat elektronik, kamera & charger;uang tunai, kartu atm & kartu kredit"
kota,panas,"pakaian;perangkat elektronik, kamera & charger;uang tunai, kartu atm & kartu kredit"
kota,panas,"pakaian;perlengkapan sanitasi;perangkat elektronik, kamera & charger;uang tunai, kartu atm & kartu kredit"
kota,panas,"pakaian;perlengkapan sanitasi;obat-obatan;perangkat elektronik, kamera & charger;uang tunai, kartu atm & kartu kredit"
kota,panas,"pakaian;perlengkapan sanitasi;obat-obatan;perangkat elektronik, kamera & charger;uang tunai, kartu atm & kartu kredit"
kota,panas,"pakaian;perangkat elektronik, kamera & charger;uang tunai, kartu atm & kartu kredit"
kota,panas,"uang tunai, kartu atm & kartu kredit"
kota,panas,"uang tunai, kartu atm & kartu kredit"
kota,panas,"pakaian;perlengkapan sanitasi;perangkat elektronik, kamera & charger;uang tunai, kartu atm & kartu kredit"
kota,panas,"pakaian;perangkat elektronik, kamera & charger;uang tunai, kartu atm & kartu kredit"
kota,panas,"pakaian;perlengkapan sanitasi;obat-obatan;perangkat elektronik, kamera & charger;uang tunai, kartu atm & kartu kredit"
kota,panas,"pakaian;perangkat elektronik, kamera & charger;uang tunai, kartu atm & kartu kredit"
kota,panas,"obat-obatan;perangkat elektronik, kamera & charger;uang tunai, kartu atm & kartu kredit"
kota,panas,"pakaian;perangkat elektronik, kamera & charger;uang tunai, kartu atm & kartu kredit"
kota,panas,"pakaian;perangkat elektronik, kamera & charger;uang tunai, kartu atm & kartu kredit"
kota,panas,"pakaian;obat-obatan;perangkat elektronik, kamera & charger;uang tunai, kartu atm & kartu kredit"
kota,panas,"pakaian;perangkat elektronik, kamera & charger;uang tunai, kartu atm & kartu kredit"
kota,panas,"pakaian;perlengkapan sanitasi;obat-obatan;perangkat elektronik, kamera & charger;uang tunai, kartu atm & kartu kredit"
kota,panas,"pakaian;obat-obatan;perangkat elektronik, kamera & charger;uang tunai, kartu atm & kartu kredit"
kota,panas,"pakaian;perangkat elektronik, kamera & charger;uang tunai, kartu atm & kartu kredit"
kota,panas,"pakaian;perlengkapan sanitasi;obat-obatan;perangkat elektronik, kamera & charger;uang tunai, kartu atm & kartu kredit"
kota,panas,"pakaian;perlengkapan sanitasi;obat-obatan;perangkat elektronik, kamera & charger;uang tunai, kartu atm & kartu kredit"
kota,panas,"pakaian;obat-obatan;perangkat elektronik, kamera & charger;uang tunai, kartu atm & kartu kredit"
kota,panas,"uang tunai, kartu atm & kartu kredit"
kota,panas,"pakaian;perlengkapan sanitasi;obat-obatan;perangkat elektronik, kamera & charger;uang tunai, kartu atm & kartu kredit"
kota,panas,"pakaian;perlengkapan sanitasi;obat-obatan;perangkat elektronik, kamera & charger;uang tunai, kartu atm & kartu kredit"
kota,panas,"uang tunai, kartu atm & kartu kredit"
kota,panas,"pakaian;obat-obatan;uang tunai, kartu atm & kartu kredit"
kota,panas,"pakaian;uang tunai, kartu atm & kartu kredit"
kota,panas,"pakaian;perangkat elektronik, kamera & charger;uang tunai, kartu atm & kartu kredit"
kota,panas,"pakaian;perlengkapan sanitasi;obat-obatan;perangkat elektronik, kamera & charger;uang tunai, kartu atm & kartu kredit"
kota,panas,"pakaian;perlengkapan sanitasi;obat-obatan;perangkat elektronik, kamera & charger;uang tunai, kartu atm & kartu kredit"
kota,panas,"pakaian;perlengkapan sanitasi;obat-obatan;perangkat elektronik, kamera & charger;uang tunai, kartu atm & kartu kredit"
kota,panas,"pakaian;perlengkapan sanitasi;perangkat elektronik, kamera & charger;uang tunai, kartu atm & kartu kredit"
kota,panas,"uang tunai, kartu atm & kartu kredit"
kota,panas,"pakaian;perlengkapan sanitasi;obat-obatan;perangkat elektronik, kamera & charger;uang tunai, kartu atm & kartu kredit"
kota,panas,"pakaian;perangkat elektronik, kamera & charger;uang tunai, kartu atm & kartu kredit"
kota,panas,"uang tunai, kartu atm & kartu kredit"
kota,panas,"pakaian;obat-obatan;perangkat elektronik, kamera & charger;uang tunai, kartu atm & kartu kredit"
kota,panas,"pakaian;perlengkapan sanitasi;obat-obatan;perangkat elektronik, kamera & charger;uang tunai, kartu atm & kartu kredit"
kota,panas,"pakaian;perlengkapan sanitasi;obat-obatan;perangkat elektronik, kamera & charger;uang tunai, kartu atm & kartu kredit"
kota,panas,"pakaian;perangkat elektronik, kamera & charger;uang tunai, kartu atm & kartu kredit"
kota,panas,"pakaian;perlengkapan sanitasi;obat-obatan;perangkat elektronik, kamera & charger;uang tunai, kartu atm & kartu kredit"
kota,panas,"uang tunai, kartu atm & kartu kredit"
kota,panas,"pakaian;perangkat elektronik, kamera & charger;uang tunai, kartu atm & kartu kredit"
kota,panas,"pakaian;obat-obatan;perangkat elektronik, kamera & charger;uang tunai, kartu atm & kartu kredit"
kota,panas,"pakaian;obat-obatan;perangkat elektronik, kamera & charger;uang tunai, kartu atm & kartu kredit"
kota,panas,"pakaian;perlengkapan sanitasi;obat-obatan;perangkat elektronik, kamera & charger;uang tunai"
kota,panas,"perlengkapan sanitasi;perangkat elektronik, kamera & charger;uang tunai"
kota,panas,"pakaian;perangkat elektronik, kamera & charger;uang tunai"
kota,panas,uang tunai
kota,panas,"pakaian;obat-obatan;perangkat elektronik, kamera & charger;uang tunai"
kota,panas,uang tunai
kota,panas,"pakaian;perlengkapan sanitasi;obat-obatan;perangkat elektronik, kamera & charger;uang tunai"
kota,panas,"pakaian;perlengkapan sanitasi;obat-obatan;perangkat elektronik, kamera & charger;uang tunai"
kota,panas,pakaian;uang tunai
kota,panas,"pakaian;perlengkapan sanitasi;perangkat elektronik, kamera & charger;uang tunai"
pantai,hujan,",jas hujan;payung"
pantai,hujan,",jas hujan;payung;tisu danatau handuk kecil;sendal"
pantai,hujan,",jas hujan;payung;tisu danatau handuk kecil;sendal"
pantai,hujan,payung;tisu danatau handuk kecil
pantai,hujan,",jas hujan;payung;tisu danatau handuk kecil;sendal"
pantai,hujan,",jas hujan;payung;tisu danatau handuk kecil;sendal"
pantai,hujan,",jas hujan;payung;tisu danatau handuk kecil;sendal"
pantai,hujan,",jas hujan;tisu danatau handuk kecil;sendal"
pantai,hujan,payung;sendal
pantai,hujan,",jas hujan;payung"
pantai,hujan,payung;sendal
pantai,hujan,",jas hujan;tisu danatau handuk kecil;sendal"
pantai,hujan,",jas hujan;payung;tisu danatau handuk kecil;sendal"
pantai,hujan,payung
pantai,hujan,payung;tisu danatau handuk kecil;sendal
pantai,hujan,payung
pantai,hujan,tisu danatau handuk kecil;sendal
pantai,hujan,",jas hujan"
pantai,hujan,",jas hujan;payung"
pantai,hujan,",jas hujan;payung;tisu danatau handuk kecil"
pantai,hujan,payung;tisu danatau handuk kecil;sendal
pantai,hujan,",jas hujan;payung;tisu danatau handuk kecil;sendal"
pantai,hujan,tisu danatau handuk kecil;sendal
pantai,hujan,tisu danatau handuk kecil;sendal
pantai,hujan,sendal
pantai,hujan,payung
pantai,hujan,payung;tisu danatau handuk kecil;sendal
pantai,hujan,",jas hujan;payung"
pantai,hujan,",jas hujan;payung;tisu danatau handuk kecil;sendal"
pantai,hujan,payung;tisu danatau handuk kecil;sendal
pantai,hujan,payung;sendal
pantai,hujan,payung
pantai,hujan,sendal
pantai,hujan,tisu danatau handuk kecil;sendal
pantai,hujan,tisu danatau handuk kecil;sendal
pantai,hujan,",jas hujan;sendal"
pantai,hujan,payung;tisu danatau handuk kecil;sendal
pantai,hujan,payung;tisu danatau handuk kecil;sendal
pantai,hujan,tisu danatau handuk kecil;sendal
pantai,hujan,",jas hujan;payung;tisu danatau handuk kecil;sendal"
pantai,hujan,",jas hujan;sendal"
pantai,hujan,payung
pantai,hujan,sendal
pantai,hujan,",jas hujan;payung;tisu danatau handuk kecil;sendal"
pantai,hujan,payung
pantai,hujan,",jas hujan;payung;tisu danatau handuk kecil;sendal"
pantai,hujan,",jas hujan;tisu danatau handuk kecil;sendal"
pantai,hujan,",jas hujan;payung"
pantai,hujan,",jas hujan;payung;tisu danatau handuk kecil;sendal"
pantai,hujan,",jas hujan;payung;tisu danatau handuk kecil;sendal"
pantai,hujan,",jas hujan;payung;tisu danatau handuk kecil;sendal"
pantai,hujan,payung;tisu danatau handuk kecil;sendal
pantai,hujan,payung
pantai,hujan,",jas hujan;payung"
pantai,hujan,payung;sendal
pantai,hujan,sendal
pantai,hujan,",jas hujan;payung;sendal"
pantai,hujan,payung
pantai,hujan,",jas hujan;payung;tisu danatau handuk kecil;sendal"
pantai,hujan,",jas hujan;tisu danatau handuk kecil;sendal"
pantai,hujan,tisu danatau handuk kecil;sendal
pantai,hujan,",jas hujan;payung;tisu danatau handuk kecil;sendal"
pantai,hujan,sendal
pantai,hujan,",jas hujan;sendal"
pantai,hujan,",jas hujan;tisu danatau handuk kecil;sendal"
pantai,hujan,",jas hujan;payung;tisu danatau handuk kecil;sendal"
pantai,hujan,",jas hujan;payung;sendal"
pantai,hujan,",jas hujan;payung"
pantai,hujan,tisu danatau handuk kecil
pantai,hujan,",jas hujan"
pantai,hujan,tisu danatau handuk kecil
pantai,hujan,",jas hujan;payung;tisu danatau handuk kecil;sendal"
pantai,hujan,",jas hujan;payung;sendal"
pantai,hujan,tisu danatau handuk kecil;sendal
pantai,hujan,",jas hujan;payung;tisu danatau handuk kecil;sendal"
pegunungan,hujan,tisu danatau handuk kecil;sendal
pegunungan,hujan,",jas hujan;tisu danatau handuk kecil;sendal"
pegunungan,hujan,payung;sendal
pegunungan,hujan,",jas hujan;payung;tisu danatau handuk kecil"
pegunungan,hujan,",jas hujan;payung;tisu danatau handuk kecil;sendal"
pegunungan,hujan,",jas hujan;payung;tisu danatau handuk kecil;sendal"
pegunungan,hujan,",jas hujan;payung;tisu danatau handuk kecil"
pegunungan,hujan,",jas hujan;tisu danatau handuk kecil;sendal"
pegunungan,hujan,",jas hujan;payung"
pegunungan,hujan,",jas hujan;payung"
pegunungan,hujan,",jas hujan;payung;sendal"
pegunungan,hujan,",jas hujan;sendal"
pegunungan,hujan,",jas hujan;tisu danatau handuk kecil"
pegunungan,hujan,",jas hujan;sendal"
pegunungan,hujan,",jas hujan;payung;tisu danatau handuk kecil;sendal"
pegunungan,hujan,payung;sendal
pegunungan,hujan,tisu danatau handuk kecil;sendal
pegunungan,hujan,sendal
pegunungan,hujan,",jas hujan;payung;sendal"
pegunungan,hujan,",jas hujan;payung;tisu danatau handuk kecil;sendal"
pegunungan,hujan,sendal
pegunungan,hujan,",jas hujan;payung;tisu danatau handuk kecil;sendal"
pegunungan,hujan,payung;sendal
pegunungan,hujan,",jas hujan;tisu danatau handuk kecil"
pegunungan,hujan,",jas hujan"
pegunungan,hujan,payung
pegunungan,hujan,",jas hujan;payung"
pegunungan,hujan,",jas hujan;payung"
pegunungan,hujan,",jas hujan;payung;tisu danatau handuk kecil;sendal"
pegunungan,hujan,",jas hujan;tisu danatau handuk kecil;sendal"
pegunungan,hujan,",jas hujan;tisu danatau handuk kecil"
pegunungan,hujan,",jas hujan"
pegunungan,hujan,sendal
pegunungan,hujan,tisu danatau handuk kecil;sendal
pegunungan,hujan,",jas hujan;payung;tisu danatau handuk kecil;sendal"
pegunungan,hujan,",jas hujan;tisu danatau handuk kecil;sendal"
pegunungan,hujan,",jas hujan;payung;tisu danatau handuk kecil;sendal"
pegunungan,hujan,",jas hujan;tisu danatau handuk kecil;sendal"
pegunungan,hujan,tisu danatau handuk kecil;sendal
pegunungan,hujan,",jas hujan;payung;tisu danatau handuk kecil;sendal"
pegunungan,hujan,",jas hujan;sendal"
pegunungan,hujan,",jas hujan"
pegunungan,hujan,",jas hujan;payung;tisu danatau handuk kecil"
pegunungan,hujan,",jas hujan;payung;tisu danatau handuk kecil;sendal"
pegunungan,hujan,",jas hujan"
pegunungan,hujan,",jas hujan;tisu danatau handuk kecil;sendal"
pegunungan,hujan,",jas hujan;tisu danatau handuk kecil;sendal"
pegunungan,hujan,",jas hujan;sendal"
pegunungan,hujan,",jas hujan;payung;tisu danatau handuk kecil;sendal"
pegunungan,hujan,",jas hujan;payung;tisu danatau handuk kecil;sendal"
pegunungan,hujan,",jas hujan;payung;tisu danatau handuk kecil;sendal"
pegunungan,hujan,",jas hujan;tisu danatau handuk kecil;sendal;baju ganti"
pegunungan,hujan,",jas hujan;payung"
pegunungan,hujan,",jas hujan"
pegunungan,hujan,",jas hujan;sendal"
pegunungan,hujan,sendal
pegunungan,hujan,",jas hujan;payung;tisu danatau handuk kecil;sendal"
pegunungan,hujan,",jas hujan;payung;sendal"
pegunungan,hujan,",jas hujan;payung;tisu danatau handuk kecil;sendal"
pegunungan,hujan,",jas hujan;sendal"
pegunungan,hujan,",jas hujan;payung;tisu danatau handuk kecil;sendal"
pegunungan,hujan,",jas hujan;payung;tisu danatau handuk kecil;sendal"
pegunungan,hujan,",jas hujan;payung;iya jaket tebel"
pegunungan,hujan,",jas hujan;sendal"
pegunungan,hujan,",jas hujan;tisu danatau handuk kecil;sendal"
pegunungan,hujan,",jas hujan;payung;tisu danatau handuk kecil;sendal"
pegunungan,hujan,",jas hujan;sendal"
pegunungan,hujan,",jas hujan;sendal"
pegunungan,hujan,sendal
pegunungan,hujan,",jas hujan;sendal"
pegunungan,hujan,tisu danatau handuk kecil
pegunungan,hujan,",jas hujan;payung;tisu danatau handuk kecil;sendal"
pegunungan,hujan,",jas hujan"
pegunungan,hujan,",jas hujan;payung;sendal"
pegunungan,hujan,",jas hujan;payung;tisu danatau handuk kecil;sendal"
gunung,hujan,payung;tisu danatau handuk kecil
gunung,hujan,jas hujan;payung;tisu danatau handuk kecil;sendal
gunung,hujan,jas hujan;payung;tisu danatau handuk kecil
gunung,hujan,jas hujan;tisu danatau handuk kecil
gunung,hujan,jas hujan;payung;tisu danatau handuk kecil;sendal
gunung,hujan,jas hujan;payung;tisu danatau handuk kecil;sendal
gunung,hujan,jas hujan;payung;tisu danatau handuk kecil;sendal
gunung,hujan,jas hujan;tisu danatau handuk kecil;sendal
gunung,hujan,jas hujan
gunung,hujan,jas hujan
gunung,hujan,jas hujan;payung
gunung,hujan,jas hujan;payung;tisu danatau handuk kecil;sendal
gunung,hujan,jas hujan;tisu danatau handuk kecil
gunung,hujan,jas hujan;sendal
gunung,hujan,jas hujan;tisu danatau handuk kecil;sendal
gunung,hujan,jas hujan
gunung,hujan,jas hujan;tisu danatau handuk kecil;sendal
gunung,hujan,sendal
gunung,hujan,jas hujan;payung;sendal
gunung,hujan,jas hujan;payung;sendal
gunung,hujan,jas hujan;payung;tisu danatau handuk kecil;sendal
gunung,hujan,jas hujan;tisu danatau handuk kecil;sendal
gunung,hujan,jas hujan;tisu danatau handuk kecil
gunung,hujan,jas hujan;sendal
gunung,hujan,jas hujan
gunung,hujan,jas hujan
gunung,hujan,jas hujan;payung
gunung,hujan,jas hujan;tisu danatau handuk kecil;sendal
gunung,hujan,jas hujan;payung;tisu danatau handuk kecil;sendal
gunung,hujan,jas hujan;tisu danatau handuk kecil;sendal
gunung,hujan,jas hujan;tisu danatau handuk kecil
gunung,hujan,jas hujan
gunung,hujan,jas hujan;payung
gunung,hujan,jas hujan;tisu danatau handuk kecil;sendal
gunung,hujan,tisu danatau handuk kecil;sendal
gunung,hujan,jas hujan;tisu danatau handuk kecil;sendal
gunung,hujan,jas hujan;payung;tisu danatau handuk kecil;sendal
gunung,hujan,jas hujan;tisu danatau handuk kecil;sendal
gunung,hujan,tisu danatau handuk kecil;sendal
gunung,hujan,jas hujan;payung;tisu danatau handuk kecil;sendal
gunung,hujan,jas hujan;tisu danatau handuk kecil;sendal
gunung,hujan,jas hujan
gunung,hujan,tisu danatau handuk kecil
gunung,hujan,jas hujan;payung;tisu danatau handuk kecil;sendal
gunung,hujan,jas hujan;sepatu
gunung,hujan,jas hujan;tisu danatau handuk kecil;sendal
gunung,hujan,jas hujan;tisu danatau handuk kecil;sendal
gunung,hujan,jas hujan;sendal
gunung,hujan,jas hujan;payung;tisu danatau handuk kecil;sendal
gunung,hujan,jas hujan;payung;tisu danatau handuk kecil;sendal
gunung,hujan,jas hujan;payung;tisu danatau handuk kecil;sendal
gunung,hujan,"jas hujan;tisu danatau handuk kecil;sendal;baju ganti, handphone"
gunung,hujan,jas hujan;payung
gunung,hujan,jas hujan
gunung,hujan,jas hujan;sendal
gunung,hujan,jas hujan
gunung,hujan,jas hujan;payung;tisu danatau handuk kecil;sendal
gunung,hujan,jas hujan
gunung,hujan,jas hujan;payung;tisu danatau handuk kecil;sendal
gunung,hujan,jas hujan;tisu danatau handuk kecil;sendal
gunung,hujan,jas hujan;payung;tisu danatau handuk kecil;sendal
gunung,hujan,jas hujan;payung;tisu danatau handuk kecil;sendal
gunung,hujan,jas hujan
gunung,hujan,jas hujan;sendal
gunung,hujan,jas hujan;tisu danatau handuk kecil;sendal
gunung,hujan,jas hujan;payung;tisu danatau handuk kecil;sendal
gunung,hujan,jas hujan
gunung,hujan,jas hujan;payung;sendal
gunung,hujan,sendal
gunung,hujan,jas hujan;sendal
gunung,hujan,sendal
gunung,hujan,jas hujan;payung;tisu danatau handuk kecil;sendal
gunung,hujan,jas hujan;sendal
gunung,hujan,jas hujan;sendal
gunung,hujan,jas hujan;payung;tisu danatau handuk kecil;sendal
kota,hujan,payung;tisu danatau handuk kecil
kota,hujan,jas hujan;payung;tisu danatau handuk kecil;sendal
kota,hujan,payung;tisu danatau handuk kecil;sendal
kota,hujan,jas hujan;payung
kota,hujan,jas hujan;payung;tisu danatau handuk kecil;sendal
kota,hujan,jas hujan;payung;tisu danatau handuk kecil;sendal
kota,hujan,jas hujan;payung;tisu danatau handuk kecil;sendal
kota,hujan,payung;tisu danatau handuk kecil;sendal
kota,hujan,jas hujan;payung
kota,hujan,jas hujan;payung
kota,hujan,jas hujan;sendal
kota,hujan,tisu danatau handuk kecil
kota,hujan,payung;sendal
kota,hujan,payung;sendal
kota,hujan,jas hujan;payung;tisu danatau handuk kecil;sendal
kota,hujan,payung;sendal
kota,hujan,payung;sendal
kota,hujan,payung
kota,hujan,jas hujan;payung;sendal
kota,hujan,jas hujan;payung;tisu danatau handuk kecil;sendal
kota,hujan,jas hujan;payung;tisu danatau handuk kecil;sendal
kota,hujan,jas hujan;payung;tisu danatau handuk kecil;sendal
kota,hujan,jas hujan;payung;tisu danatau handuk kecil;sendal
kota,hujan,jas hujan;payung;tisu danatau handuk kecil;sendal
kota,hujan,payung
kota,hujan,payung
kota,hujan,jas hujan;payung;sendal
kota,hujan,jas hujan;payung
kota,hujan,jas hujan;payung;tisu danatau handuk kecil;sendal
kota,hujan,payung
kota,hujan,payung;sendal
kota,hujan,jas hujan;payung
kota,hujan,tisu danatau handuk kecil
kota,hujan,jas hujan;payung;tisu danatau handuk kecil;sendal
kota,hujan,jas hujan;payung;tisu danatau handuk kecil;sendal
kota,hujan,jas hujan;payung;sendal
kota,hujan,jas hujan;payung;tisu danatau handuk kecil;sendal
kota,hujan,jas hujan;tisu danatau handuk kecil;sendal
kota,hujan,tisu danatau handuk kecil;sendal
kota,hujan,jas hujan;payung;tisu danatau handuk kecil;sendal
kota,hujan,payung;sendal
kota,hujan,payung
kota,hujan,jas hujan
kota,hujan,jas hujan;payung;tisu danatau handuk kecil;sendal
kota,hujan,gabutuh barang butuhnya ayang
kota,hujan,jas hujan;tisu danatau handuk kecil;sendal
kota,hujan,jas hujan;payung;tisu danatau handuk kecil;sendal
kota,hujan,jas hujan;payung;sendal
kota,hujan,jas hujan;payung;tisu danatau handuk kecil;sendal
kota,hujan,jas hujan;payung;tisu danatau handuk kecil;sendal
kota,hujan,jas hujan;payung;tisu danatau handuk kecil;sendal
kota,hujan,payung;tisu danatau handuk kecil
kota,hujan,payung;sendal
kota,hujan,jas hujan;payung
kota,hujan,jas hujan;payung;tisu danatau handuk kecil
kota,hujan,sendal
kota,hujan,jas hujan;payung;tisu danatau handuk kecil;sendal
kota,hujan,jas hujan;payung
kota,hujan,jas hujan;payung;tisu danatau handuk kecil;sendal
kota,hujan,payung;sendal
kota,hujan,jas hujan;payung;tisu danatau handuk kecil;sendal
kota,hujan,payung;tisu danatau handuk kecil;sendal
kota,hujan,jas hujan;payung;sendal
kota,hujan,jas hujan;payung;sendal
kota,hujan,jas hujan;payung
kota,hujan,jas hujan;payung;tisu danatau handuk kecil;sendal
kota,hujan,jas hujan;payung
kota,hujan,jas hujan;sendal
kota,hujan,sendal
kota,hujan,jas hujan;sendal
kota,hujan,sendal
kota,hujan,jas hujan;payung;tisu danatau handuk kecil;sendal
kota,hujan,payung
kota,hujan,jas hujan;sendal
kota,hujan,jas hujan;payung;tisu danatau handuk kecil;sendal
